{
  "version": 1,
  "author": "Uri Shaked",
  "editor": "wokwi",
  "parts": [
    { "type": "wokwi-breadboard", "id": "bb1", "top": -175.8, "left": -362, "attrs": {} },
    {
      "type": "wokwi-esp32-devkit-v1",
      "id": "esp",
      "top": -72.7,
      "left": -333,
      "rotate": 90,
      "attrs": {}
    },
    {
      "type": "wokwi-servo",
      "id": "servo1",
      "top": -175.6,
      "left": -554,
      "rotate": 180,
      "attrs": {}
    },
    {
      "type": "wokwi-led-ring",
      "id": "ring1",
      "top": 47.96,
      "left": -152.79,
      "rotate": 180,
      "attrs": { "pixels": "16" }
    }
  ],
  "connections": [
    [ "esp:TX0", "$serialMonitor:RX", "", [] ],
    [ "esp:RX0", "$serialMonitor:TX", "", [] ],
    [ "esp:GND.1", "bb1:bn.15", "black", [ "v18.9", "h163.3" ] ],
    [ "esp:3V3", "bb1:bp.14", "red", [ "v9.3", "h163.2" ] ],
    [ "ring1:GND", "bb1:bn.23", "black", [ "v0" ] ],
    [ "ring1:VCC", "bb1:bp.22", "red", [ "v0" ] ],
    [ "bb1:bn.50", "bb1:tn.50", "black", [ "v0" ] ],
    [ "bb1:tp.49", "bb1:bp.49", "red", [ "v0" ] ],
    [ "ring1:DIN", "bb1:10b.g", "green", [ "v0" ] ],
    [ "servo1:GND", "bb1:tn.1", "black", [ "h0" ] ],
    [ "servo1:V+", "bb1:tp.2", "red", [ "h0" ] ],
    [ "servo1:PWM", "bb1:5b.f", "green", [ "h0" ] ],
    [ "esp:VIN", "bb1:1b.j", "", [ "$bb" ] ],
    [ "esp:GND.2", "bb1:2b.j", "", [ "$bb" ] ],
    [ "esp:D13", "bb1:3b.j", "", [ "$bb" ] ],
    [ "esp:D12", "bb1:4b.j", "", [ "$bb" ] ],
    [ "esp:D14", "bb1:5b.j", "", [ "$bb" ] ],
    [ "esp:D27", "bb1:6b.j", "", [ "$bb" ] ],
    [ "esp:D26", "bb1:7b.j", "", [ "$bb" ] ],
    [ "esp:D25", "bb1:8b.j", "", [ "$bb" ] ],
    [ "esp:D33", "bb1:9b.j", "", [ "$bb" ] ],
    [ "esp:D32", "bb1:10b.j", "", [ "$bb" ] ],
    [ "esp:D35", "bb1:11b.j", "", [ "$bb" ] ],
    [ "esp:D34", "bb1:12b.j", "", [ "$bb" ] ],
    [ "esp:VN", "bb1:13b.j", "", [ "$bb" ] ],
    [ "esp:VP", "bb1:14b.j", "", [ "$bb" ] ],
    [ "esp:EN", "bb1:15b.j", "", [ "$bb" ] ]
  ],
  "dependencies": {}
}