{
  "version": 1,
  "author": "Uri Shaked",
  "editor": "wokwi",
  "parts": [
    { "type": "wokwi-breadboard", "id": "bb2", "top": -70.2, "left": -275.6, "attrs": {} },
    {
      "type": "wokwi-esp32-devkit-v1",
      "id": "esp",
      "top": 32.9,
      "left": -246.6,
      "rotate": 90,
      "attrs": {}
    },
    {
      "type": "wokwi-analog-joystick",
      "id": "joystick1",
      "top": 159,
      "left": -41.2,
      "rotate": 180,
      "attrs": {}
    },
    {
      "type": "board-ssd1306",
      "id": "oled1",
      "top": 185.54,
      "left": 96.23,
      "attrs": { "i2cAddress": "0x3c" }
    }
  ],
  "connections": [
    [ "esp:TX0", "$serialMonitor:RX", "", [] ],
    [ "esp:RX0", "$serialMonitor:TX", "", [] ],
    [ "esp:GND.1", "bb2:bn.15", "black", [ "v28.5", "h172.9" ] ],
    [ "esp:3V3", "bb2:bp.14", "red", [ "v9.3", "h163.2" ] ],
    [ "bb2:bn.50", "bb2:tn.50", "black", [ "v0" ] ],
    [ "bb2:tp.49", "bb2:bp.49", "red", [ "v0" ] ],
    [ "joystick1:GND", "bb2:bn.20", "black", [ "v0" ] ],
    [ "joystick1:VCC", "bb2:bp.24", "red", [ "v0" ] ],
    [ "joystick1:HORZ", "bb2:7b.g", "green", [ "v" ] ],
    [ "oled1:GND", "bb2:bn.33", "black", [ "v0" ] ],
    [ "oled1:VCC", "bb2:bp.34", "red", [ "v0" ] ],
    [ "oled1:SCL", "esp:D23", "yellow", [ "v0" ] ],
    [ "joystick1:HORZ", "esp:26", "green", [ "v0" ] ],
    [ "esp:VIN", "bb2:1b.j", "", [ "$bb" ] ],
    [ "esp:GND.2", "bb2:2b.j", "", [ "$bb" ] ],
    [ "esp:D13", "bb2:3b.j", "", [ "$bb" ] ],
    [ "esp:D12", "bb2:4b.j", "", [ "$bb" ] ],
    [ "esp:D14", "bb2:5b.j", "", [ "$bb" ] ],
    [ "esp:D27", "bb2:6b.j", "", [ "$bb" ] ],
    [ "esp:D26", "bb2:7b.j", "", [ "$bb" ] ],
    [ "esp:D25", "bb2:8b.j", "", [ "$bb" ] ],
    [ "esp:D33", "bb2:9b.j", "", [ "$bb" ] ],
    [ "esp:D32", "bb2:10b.j", "", [ "$bb" ] ],
    [ "esp:D35", "bb2:11b.j", "", [ "$bb" ] ],
    [ "esp:D34", "bb2:12b.j", "", [ "$bb" ] ],
    [ "esp:VN", "bb2:13b.j", "", [ "$bb" ] ],
    [ "esp:VP", "bb2:14b.j", "", [ "$bb" ] ],
    [ "esp:EN", "bb2:15b.j", "", [ "$bb" ] ],
    [ "joystick1:HORZ", "bb2:11b.g", "green", [ "v0" ] ],
    [ "joystick1:VERT", "bb2:10b.h", "green", [ "v0" ] ],
    [ "oled1:SDA", "esp:D22", "green", [ "v0" ] ],
    [ "joystick1:SEL", "bb2:9b.f", "green", [ "v0" ] ]
  ],
  "dependencies": {}
}